dryJules,ES
Pawan_sondhiya,IN
invalid94,BR
DoctorDavis19,US
titou123,FR
leon79,AR
rd9922,BA
reyoBonurB,FR
Lui4k,ZA
Abdo_99,OM
Semper_Fideliz,DO
Romeo_413,PH
rahimcc,AZ
Rasiklal,IN
Satower,AR
Ostro12,AR
imojojojo,GR
aymooon,EG
DanielCerros,SV
gurudada,IN
k3836,RU
s05l26-a20,DE
grifoman1,_belarus-wrw
Idevian,IT
TonyaBurichka,UA
kaushik21072002,IN
Janiszmn,DE
BabaYaga77,BA
bugraV2,TR
bisritahu,ID
Bot_elo643,JP
ulvi002899,AZ
dennisthepawn,None
superbadamasya,TR
Hasanspahic,BA
doc-holliday,None
victorwakili,NG
kennyg18,ZA
dagadeplata,AR
IAC78,ES
Northiscoming,BE
N4Fis,DE
CDJeux,FR
Room1zero1,RU
Turner3000,AR
Ahmadullah,None
vodkiNet,LV
Ajedrez_Tol,CO
maximus2929,RU
BobbyFischer80,IR
brocker7,US
Bora1701,None
Laquarterpo,MN
lukasfaiss,DE
trapthebishop,_lichess
Immortal31,IN
Prince_Agadmator,HR
Salvatorka,SK
Mstorro,NO
pondpizza,US
wXy13,None
deemac,IE
chessnat4,US
MlgKushMaster420,_rainbow
Slyomatz,DE
Griboyedov,PL
Feylesofya,TR
Steaklington,US
ponyboyup,US
Garrincha1907,BR
Komil__UZBEK__6680,UZ
RalfDean,RU
titeb,IT
El_Nimzoindio,None
Sokrateist,None
AlfredoMorelos,CO
Kelpiii,US
BenhLV,MX
YAKU-APURIMAC,PE
redbirdbrownbear,NP
FancyAsFudge,US
SD2733,IN
thymarco,IT
radob,BG
kretenezor,SI
HakobSyam,AM
antoniovegas,GB-ENG
ura-a,RU
Yan_Erm,RU
Limon07,MX
odlnt,US
trewq12345,UY
fathur354,ID
srspanks,CA
gloriagallegos88,MX
oblivision,IT
Ishmaelkobe,BW
peraa_23,RS
quevangel,MX
IsaacVK,ES
sanjai93,FR
DnlTrvn,ES
yttt63,None
Pan_T_Hero,UA
Vetaltempest,RU
jmcpgeh,None
fgns,TR
happyshinypeople,US
rachidhafidi05,DZ
Turmlist,DE
Upperdog,NL
Yefimov_M,RU
ztandaric,HR
PascalFRZ,FR
anandtal,PL
lordjaison44,TR
Armor_stand,US
Gordafarid_13,IR
Adilet9333,KG
Josephmak,US
pablo-drf,GT
Cliffinhok1ue,KE
KAR3N,MX
pices12,MX
blunder_everything,US
milan_rakic,GS
moali11,IR
calbaros,KE
Runval,HU
ashugupta,IN
svetstiv,BG
TUTANKAMON-2,RO
Juan1639,ES
wental,RU
ismadylan5,ES
Chrieb18,DE
abs1729,IN
mrgurer,TR
i_lead,US
bachukij,GE
nishant_179,IN
KHALID_NORZAI1978,AF
mediana2,PL
Holo_the_wolf,US
JamminHearth,US
DrStonedenstein,US
C-JinCheng,MY
koris_kingd0m,IN
DrBarb,US
tigranpi,ES
Samir_BOUKRATEM,DZ
Nikitachesscool,None
karlsongracie,BR
TinsyNub,AU
CamiloMorales,CO
Thompu89,IN
kirtirajsinh_27,IN
saidhamideh,None
doughy_bread_2051,US
JewishFarmer,None
VaibhavMishra1,IN
Alextyumen,RU
ionlygetbuckets,US
Biberon,None
Elethryck,BR
Th3ar,SA
balasoiu,RO
Kelly_M,KE
SetTheorist,US
AldoCesario,None
DavidSKT,ES
Madforester,US
MinedSquare,ZW
ary1992,AR
Buxtehude_telemann,CL
bercus,AZ
Bustermadman,AR
EzepmCuba,US
Abdulrahman_Ali_1998,EG
Ly28,PH
MOS1,IR
Benegala,IT
KWU,US
necokyar,TR
camerlengo,IT
thecompositemover,IN
loboalfa7,DO
Sanjprabs,None
merriman-xyz,IO
seagullnono,JO
VitaliiZivakin,UA
CorwinCZ,CZ
Joaquincalderon,MX
chapi70942819,PE
xridoyx,None
Uncycledude,None
BurntHair,US
TheVice,MX
serialcheckmater,IR
mattecapa,IT
Ricardogdcj,BR
AaronK1ng,AU
Shem-subba,NP
qalbelouz,FR
ManoTav,BR
dnazreal,GB
Anubhav884,IN
v_e_g_e_t_a,CA
Yetkin634,AZ
Passat17,UA
Chingiz-han1,KZ
Mathaj,LY
jlgarry,AR
SirineuAlmeida,BR
Eliezer1985,VE
ali_sadoghi,IR
zharko4jc,None
HenriP,FR
Loggikal,CA
Dzho_Shokoladnyy,UA
rulitoff,AR
foggyland,IT
R3n3,PY
Dave-Karlhal,FR
Redcap_1,CH
luciannov2016,BR
george1973,GR
Wise41,RU
trixicat,DE
Enehthomas,NG
heresjohnny92,None
HeBerbom,NO
Maegeli,CH
Alex061192,RU
Limpee00,ZA
BockoJea,RS
cbsonic2,BR
andreubrito,BR
Ruudiiee,_pirate
Kitonas,LT
tugfada,NG
Oussblk-00,MA
Joselit,BR
TheFlyEvolutionary,BS
Jairolincol,PE
paolopadilla,PE
uaxoff,None
lorlgd,MX
isaias93,AR
Manoia,FR
PawnStar10111,ZA
dhr7,None
CIT_Kole,RU
furkanylmz9,TR
Jekary,GB
Alex27S,UA
davod1723,IR
Angelinsky_ML,MX
HALLELUKA99,DE
ViLLK,NO
KamilYasar,TR
romayusuf135,TR
Amadaleno,PT
ANIK021,BD
mrs-bentley61,IT
pecatur_pinggiran,_pirate
Raven8888,PE
abeswick,GB
nitheshgudar,IN
IsAaCNaRkIS,None
leta9999,TR
Tob703145,DE
DrFrankenstein2,PE
checkmate375,IN
griszka123456789,PL
Abugie-Hoodie,None
slugish,MX
COCSC2,None
netryno,BO
Eliudperl,PE
erksous,SY
ntvspor-2020,TR
donpallets,CL
MeysamKarimi,IR
mcd8519,GB
Ynwasimon,NO
Brasil5hero,BR
Titonov,None
Avantaron,CR
Vivek-09,IN
manish47,IN
TheCoolGuyy,US
MarkEdwards,FR
MichaelPetroff,RU
kulfa,TR
luke_63,US
keshav0111,IN
tomsk1000,RU
ramiz86,BR
pufty,NG
syhner,None
Black0781,RU
VasikPusik,CZ
olakaldestad,NO
flowgo,ES
Martjn,VE
BigOlFish,US
MK-2096,AL
Andre-1983,RU
Zaamy,FR
CorpusDelicti,DE
madeqx,NO
VukBoss,RS
Wasweissich,DE
AbhimanyuKoushik,IN
asv805,RU
Bliz0,CO
HusamAlmasry89,DE
Tenho10anos,ST
bibiba,RU
sondertg,RU
aivanovchess,RU
EngineerTaygun,TR
abdrhm,TR
ave23,US
SGDJulian,DE
Innocent_Anima,AF
pilot787,AR
pyoga007,IN
Alfredorcarlos,BR
puccini,PT
praveen-prakash,IN
Rahulvs,IN
UnderestimatedPotato,AU
theittai,GB
mk7fan,AT
Achspieler,None
KosimToir,TJ
Max-Max,UA
ewq22,HU
AndrewFeldt,RU
pavel2306,RU
KDEB,IN
Waldhof,DE
abrhamhaile,ET
jesus_2020nuniez,AR
TEMACH,MX
The_Blue_Dragon,IN
p47phox,US
andy25tatechess,AR
kaanalk,TR
Liceaga-king,MX
aryanjuneja,IN
jaimem1967,PE
vdelpuerto,PY
OzkanDm,TR
jgn3,FR
frank_rutten,NL
googolplex08,GT
zidakov,DZ
mijoo,CL
guad27,ET
Stefanga,IR
rndmedved,RU
antonmarku2,AT
mahdiserver,IR
A_Plus15,NG
DNCT,DE
Grisha1934,US
Jozi,SK
Omuteezi,UG
Oko-65,RU
Hreetik_444,IN
pocholos666,AR
ppiedra,AR
niteshcyborg,IN
Reader0271,DE
LoremIpsum4-66920,_pirate
cemsan,TR
Elektrot,TR
postit,PT
Mchessmax,AR
caciles,BR
Rahulchandran,IN
Rodes95,AR
AaditPohuja,IN
wobblyman,AU
petrificus__totalus,IN
SMedlingDuocmel,None
acgTR,TR
ratau360,BW
Andrej_Dunda,CZ
King_AS,DE
valentasslaustas,LT
blauesmonster,DE
DINUKA___8,_lichess
dcosgrove,US
jonycg,MX
NazarM2012,UA
MFGAMERo21,IR
kungrad_bek,UZ
Silverdragonz,GB
Scheiguy,US
bilbaofan,ES
All_Blacks94,DE
TJMatsepa,ZA
js3,US
Uros1981,RS
Luiscaballero26,VE
lattice,CH
SeaRaider,CA
kramnikpolgar,BR
sezai_tr,TR
TEMPOchess,NL
lolo67,FR
ostragon,IT
PabvelakaPablo,BY
Scazzarfc,GB
Obukov,NG
highwaterhorizon,AT
tuqayabdulla,AZ
unomastiempo,_rainbow
ferelaviador,None
BasheerSYR,DJ
etrujillo,ES
leDouanierRousseau,FR
farukcetin,TR
pegasus_knight,GB
IloveHBV_801,US
Murphy84,BR
FirstAlien,TR
vasveranis,GR
Staalanden,None
Bags777,IT
cayso2009,PE
PPathy,BR
leonardo94,IT
luiztall,BR
Board13,US
Yann_Cotineau,FR
Blairlogie,GB-SCT
reimonch22,MX
chesssTrainer,EG
melvinsmith,ZA
Brassens5,HT
DalMoreras0,GB-WLS
twin2081,US
ALVAN1004,CO
Jostin81,CO
vlado_s,SK
kofigan,US
rahulchess20,IN
Gorbunok,RU
Shashwat312,IN
lancaster7,MX
NabokovDefence,GB
efrentabaresjr,PH
Maroq21,PT
manuelLM,MX
mariusparvu28,RO
Manan0612,IN
demianriquelmer,AR
neglihjst,SI
Masombuka,ZA
Krasnodarsalsicce,IT
Leodkinc,DE
kfahad,BD
tanish_patil,CH
Joselan,PA
urgencli,TM
Caiokings,None
pilusman,AR
ASHRAF112,PS
vetochka,RU
GandalfThePink1,SE
RodrigoAlbina,BR
hans13,RU
Machiavellian1,TR
omistar,IN
Blue__Ice,ZM
LuciferGOLD,SE
Kirly,ES
Nikolaii77777,None
joaogcosta,BR
roketselami,TR
Usturaci,TR
marquito1,AR
Orosito,PE
blackval434,PH
Boryslav,UA
LeandroLessayyy,BR
dmayo88,US
jeaamd81,MX
ELMAJI,CO
EezeeG,ZA
Carlosggg,AR
Lamak10,SY
amostafa,EG
krasi_totev,BG
megaWiggles,US
drewbirders,US
meyerlemons,US
KING_OF_FOOLS,BD
Jaipreet_S,IN
Magnusnoori,UZ
newmepart12,_pirate
antonnionn,RU
hijodelsol88,FR
nilof,AR
Arshak-Grigoryan,_pirate
shedisayari,None
Fabio_Shimabukuro,None
JordanSucksAtChess,CA
swazimelo,SZ
koumajavan,KE
zhyvtone,RU
JuGaQuim,CO
Meinke,BR
Stephen-B,US
CarlosAndres777,CU
DavidZhu2010,NZ
ERoq26,US
abdzrar,SY
Ponchik07,RU
aalfonsi74,IT
czp88,MY
Dracaras101,ZA
starter87,AT
Genius_Tactics,GR
Marowijne,NL
master49,CO
iam_no_brainer_dumbo,IN
Gasan1907,RU
haklp,TR
vicadricoco,AR
SafaKara,TR
LizaPetrosynts,UA
kingsplayer2,US
RafaelZepeda,MX
Arkayem,US
frank4up,NG
perisprit,None
Jchacon,SV
X1234567,None
Pepperl,AT
Big_Fluff,US
eurylochus,US
Erick_Elizondo,MX
MazahirRajabov,AZ
Julioc34,ES
MountMilc,FO
lachacra123456,AR
Nakhleh926,US
NKraken,US
munhespepe,CO
sirwanalipour,IR
bakermann,AR
hanzys,CZ
sirezekiel,US
jesorak,US
MatedKarpov,US
imblinddontmateme3,TR
pool_floaties,_lichess
DavidMoscoe,CA
mhmva,BR
SixSilverStrings,US
barryscott,GB
Artem_Gr,_pirate
tek1n,TR
lukamaru_nara,BR
rrrafa,BR
Ahmedabdelmoaty,EG
Zennet,ID
remigiomontag,IT
Vitaliy-f,BY
lewblank,US
Zetta01,AR
MaximT2010,RU
MustafaPlayz6,IQ
kinghunter996,None
ABIR84,IN
Kevin_Erb,US
Yashsvi_Dubey,IN
khajahussain,None
GFranceFiel,PH
catire49,VE
Riman2,NI
Nell17,CR
paulanton,FR
victor1453,TR
t-mm,EU
stewy0013,US
Muhd_Haikal_Syafwan,MY
hazzzzard,BY
gr1tm2r,RU
deadeye017,US
white_horse22,AR
lemonyllama,US
izra06,FR
Jacinto12,MZ
missfatemeh,IR
azza92f,IE
MountainPassing,US
Chessdragon777,NL
Sabru95,IN
cheese89,_lichess
wannabag,SE
Genesisfeliz,DO
Anime_Seeu,RU
AMagno,BR
Ruslan-2009-Chess,AZ
ArtemKa82,BY
Yayo20Alberto,MX
Megaoxon,AR
oZu225,DE
NandakumarRajasekara,US
o9o8,RU
btholteanu,RO
Dkwinta,PL
madani7823,None
ssuperiorr,TH
BlackLord1216,FI
porcomunas,BR
Alo_Marsha,ID
dhruv_kalani,None
ILoveAgamator,SK
etmarkwell,GB
Parmenion5,DE
Yacine-214,DZ
Bwaarlie,None
Deremias,None
TimMorrissey,US
Demius2,None
boombastics,US
J_Emmanuel,MX
cemc91,MX
arya_gupta,IN
MJ0001,IN
Mokhal239,MY
G-orgona,RU
Raptorix,AT
awansa,ID
Argent12,AR
CheesPlayer111,US
neitan,BR
Aeiou2357,EG
Tiger6721,None
Batyrkhan91,KZ
astrallife,GR
ssaauunnaa,US
Anandp42,IN
Sjogren,SE
Marioo86,AT
Nil2910,_pirate
iMannyLP,DE
Artgramm,RU
temifi,MK
AVLAndrew,US
Vdvaleriy,RU
pavlik-9797,UZ
coach_gmcf,IN
ahajihoseini,IR
DavidBautista,GT
Oleg361,RU
Shpilivili,US
DaborUTEM,CL
Gorge14,HK
PredadorWolf,BR
lima-luiz,BR
FernandoAlonzo,MX
ncakes,FR
tough_defender,NG
hell3,AR
med10,PE
klikyasa7,TR
matanon,FR
Harry_Sharma,IN
Novecento,AR
Cesarmed,EC
ServiceRoaming,US
emrahozb,None
bijelikonj1,BA
Abdelouarit,MA
kum_sadovod,RU
manishkumardthakur,None
CXXMMAURILIO,BR
enair77,VE
Omeralamin,SD
ahmad_houmani,LB
cihanovel,TR
Bos_muda,ID
rullmuhammad,ID
Hamdi2012,GB
ayuspappy,NG
hasbam,None
nalan34,PE
KnightsReign,US
BlacksmithKC,GR
Medlar,ES
Magentam,IE
athinagoras,GR
wonkazzz,MX
delayedSILO,_lichess
sujal_gadiya_031,IN
J_Erik,ES
vnzzznt,PH
organictimemachine,AU
chock2099,MX
joelceliz,PE
cdialpha,US
Bernfried,DE
Sava_ae,RU
Chessplayer1541,US
Milkdromeda1,NP
PKNJ,US
AliHassan4,IQ
Koko639,PL
Mr__Professor,IN
jvc91994,US
M3GAV3GA,US
Alexander-Supertramp,DE
ashwert33,NZ
rupsdbb,None
Rymn,CA
gheass,None
JohnnySans,ID
olavogabriel00,BR
hungi,None
Gileschess,MX
nderroe,BR
jrodriguez0488,VE
StarDancer,US
Dmize91,US
seyma0707,TR
VN_VNRU,RU
TomKas,HR
eradawning,US
The_Hidden_Variable,US
Erostarbe,AR
MAJAVA,CO
chauarjr1987,BR
XtianXdel,PE
Muhammad_Ardi,ID
elmus57,DE
kartikmax,IN
ThegreatCapablanca,ES
serkancicek,TR
lejyoner_08,TR
welyab,BR
el_Kutahyevi,None
Rinik,RU
josecortiz,None
novajesus,EG
baphometti202,PL
omikro68,GR
hitman22,US
burntbeefsteak1968,US
Viegas2020,MZ
sivabalan2002,IN
kashayam,IN
Ralphi1e,US
sinborika,HR
Mr_Norbin,CR
vladitoma,AR
Rinor1984,XK
Vexacion,CA
bulletstar_2009,LK
punkchess,EC
plypoin,_rainbow
jigschess,IN
Ramim_Hasan,BD
semmiramis,GR
DANATT,NG
CVale_12,CL
palomimo,CO
sobrals,BR
ugur4280,DE
ChickenSalmon,None
danman1799,US
Dimu1158,LK
Corey_Taylor,KZ
bojanrr,ME
felixkras,RU
frostsourgrape,PY
Esethu,ZA
AharonGefen,IL
nrussell26,US
Danny_D,BE
MohamedEmad1998,EG
betopascua,AR
Tomas_1A_CNSB,None
Murad91,TJ
FOLSTA,_pirate
jubalj,AU
awin88,ID
osmelramos,CU
ARM05,IN
NazarenkoAndrey,RU
arthurpm1,BR
Garohn,HN
james_morrison,US
INDadi,IN
darDrast,UA
drHimanshuman,IN
MrEvansUK,GB-ENG
furkanfbq,TR
Mubarakdanyaro,NG
markphillips,US
wilfredomgs,VE
NcDude,US
mohamadbasirat420,IR
ahmetatilla,TR
Ghjhgfffjh,TR
beirut2010,LB
xCeyhunx,AZ
sk1114792,IN
Arquinero2020,AR
Viv1cingh,IN
KaoticSnip6,ES
Paparus,RU
aboelhamail,EG
KocharGM,IN
mojahed,None
RenanFCXC,BR
Rifek,RU
omerozturk5520,TR
martinbrownstone,AR
PabloVagnoni,AR
Tall_Bird,None
trashcanplayer69,AU
thejace,US
Respite,BE
plehani,RS
jagoda96,PL
ElGata,US
Lagrangien,FR
Amifou,MA
MahendraBK,IN
Jun_Makax,GT
Lochessmonsta,US
nishanS,IN
AntonLvov,RU
SUJON_JON,BD
Hairie,ID
YJJTang,AU
levydl,US
Melgar,PE
Alan120,CL
ajcd_pe,PE
iamrabbit,PL
roykoand,UA
jlu99,FR
Callthemoves,ZA
Yera_9,US
una12345,RS
Friedwing,None
AramYeritsyan,AM
karlmac63,GB-ENG
arckenn,NG
ali1432,IR
segura,ES
Galvin007,CL
Imados7,DZ
rio_irnawan,ID
Tornetto,BD
Churchbeller,DK
no_pancakes,AU
mrsh_mello,US
bliujus,LT
roberlaurens,UY
erdemb9,TR
yicc0,MX
IA_KPYT,RU
Jonas90x,DE
masnas1361,None
Bumincetin,TR
Petcovich,BR
Dimychskazal,RU
Ajedrezenelbanio,CL
Kapayor,CR
spoilsport97,DE
richardmendacks,TH
Artemka01,RU
ledoublage37,_pirate
GGV71,RU
Murcia_Pijo,ES
russteppenwolf,RU
vanuvanuma,IN
pog19win,US
Amatrician,IT
tombosson3,US
Le1fur,DE
assylkhanov,KZ
Jacob1968b,NL
Eurisko4242,US
Gavriil23,UA
Charlizze123,GT
anand_64,IN
cattiekasparov05,MX
shDaniali,IR
kplusz,NL
Borisxc60,RU
fryd4y,ID
wr86,BR
Vasileios13,GR
gohu75,FR
AzariaK,None
JackFr,IT
SerjTSH,MD
RegisLakrids,FR
Spyke24,NG
MajorityCyberChess,ZA
Zerovan,None
Eiriken,BW
Odysseus_in_space,GR
CuzImHigh,TR
kubilay-a,TR
diogo74,BR
TheUnlikelyKnight,US
Dima99129,UA
mapachia,AR
CatalFndk28,TR
Pavel_Samoilov,RU
Eindride1,AQ
TANKMAN,DE
M_Erdinc_Atesli,TR
AvsZ,None
lovely_princess,ID
t2_0,US
ThePiedLeaf,GB
Delphi1977,DE
richter212,US
Dulle5,RS
chiporslide,VE
Kiprotich,KE
Curraco,VE
akistmurat,TR
Slavko14,RS
MAJZARA,JO
acezkingzz,GB
rgdnetto,BR
araz28,IR
rainrain,RU
HamzehOG,IR
GryffindoR1,None
Alejou_343,CO
AhmedRamadhan15,None
igorsarmet,BR
Swhirl,US
Yahyakotb,EG
not_zane,US
Lordinh0,EG
Iaghotez,BR
Inute3,FR
t3rup0w3r,PH
Antony1996,PE
pietropp,BR
Dyshes,RU
barcas219,RU
MinieZondi,ZA
Gurmeetsinghhans,IN
hypenja,US
TurkishWoman,TR
Frassati,US
klimt4k,AR
tomczer7,PL
nosky,CO
FeuilleA4,FI
SillySOSedge,AU
Flo58,DE
B3RKCAN,TR
Reders,RU
JakabL,HU
zorpineci,TR
ashish847,AW
YVORL,HU
HgDinis25,PT
Smekk,SE
AvGM92,ES
FunkyHamster,MX
Andromeda_121,AU
MasterOstnel,PH
felipeanva,CL
DHarris_4,CA
Blab24,US
Skolmatt,SE
Last_pinch,BD
Supersupertramp,ZA
Black-R0seEmm,NG
ilfumo,RU
ediazp,VE
redstarpils,US
NikolaMilosavljevic,RS
Dolatyan,IR
timur11998866,RU
eduardo_zz,MX
Maikl1968,RU
Javier-Soto,BO
Feibel,GB
rebs13,HR
dondanzig96,US
iraniran2019,IR
MrPokeball,TR
TMQQ,None
python3Not2,CM
tamedPanda,US
MrBADDZ,US
papu1234,IN
sparklingknight,IN
israelMtz19,MX
kianpaya,None
Aditya_Bajracharya,NP
PETRUCCCO,AQ
lukasland,AR
Dr_Doom97,SY
Big_fera,BR
MParra,CL
chessleoxx,BR
Alexarias10,BO
SwissHolzer86,CH
gkrmkrn,IN
Milki,BR
dineshravilla,US
yannick_noah,JP
NikosTabakis,GR
oguzhan90,GB
bamonte93,ES
Barke,DE
docamrish,AE
saifmahmmod,UA
ViacheslavZub,UA
Arkimede,IT
Telavivo,IT
MichaelCFitz,IT
linddahl,DK
Saneliso,ZA
twisterone,IN
Kakoma,ZM
secant,IN
Vicent_Veiga,BR
gcggm8,None
Julmero,FR
Segrey_Gop,RU
sh1vansh,IN
Marcinek90,PL
fpirez,UY
CONCEntrado,CL
Beppebike,IT
DHARAMPAL786,IN
chuger,_belarus-wrw
khromtsov01,RU
steelfork,RU
wmpay,US
ntwkguru,CA
MarianW,AR
merriman_bt,BJ
Cheesy111,None
Mavegon,US
ElTazo,AT
addeal,DZ
kyriakos42,GR
Vladislavki,RU
Lera2008,PL
tomrigden,GB
xade,GB
Sgizha,RU
taminos,FR
abuelitonumero1,MX
JGilomeno,MX
FredRapid,GP
EXTRAEXTREME0542,IN
PANDA1525,MX
KeremBB,TR
Morla,BR
valentin36,RO
ROBOTSMOKE,CA
Levisir,TN
Socal99,US
chachino,US
lawlic,FR
SquareL,CH
wildwarrior,CA
glaucon,US
DidaSouto,None
Neomorpheus1,US
SIMONLEBON,DK
tatari,EE
kampotian,None
tolgabugday,TR
OilychessWilly,CA
cyrus4242,US
Luckyg992,UA
FkdMyQueenOff,US
benjamintbuck,US
BabuKhatri,IN
Dechoc,BE
Silveradocanman,US
MSefayakut,TR
bolsax123,PL
lukinskijaleksej,RU
Dimon1967,RU
carlosmfreire,_pirate
sukmairs,ID
thatisjake,None
AmineMejd,MA
ondergo,TR
BirdLawyer22,US
admadhu,IN
Patrook,IE
natanaelribeiro,BR
harry2680,GB
Aurora_86,NO
Fravis02,DO
alekine99,AR
gborges0727,US
StonedKnight,US
quitefondofpants,US
William_T_Ranny,US
Bijoy9,BD
pablo666,SE
Besson-72,None
nour987,SY
Stravinskyforever,EC
Silky_Steve,US
santastico,BR
Tushar31,IN
BR123995,BR
Ufkunn,TR
Hilts,DE
cgman15,None
foxoliveira1970,BR
BenjaminRyan,US
cuerpos,AR
CNetoMEP,BR
ahmet168765,TR
kulkidoski,None
Paridon,IT
Imadeablunder,IN
eakarz,TR
Kvotheeeee,TR
torodan,CA
HenRak21,NO
danny844,US
MartinC123,GB-SCT
nejmedinov,DZ
tinkertailor,US
luciano1897,BG
Carlos_R77,CO
Majamato,PA
Fikre-t,AZ
Norawasinaloense,MX
Italo_Carlsen,BR
santiagosarmiento12,CO
AlexisNava,MX
Magnettum,BR
leojp,AR
miklov,US
chessbybrothers,SK
Allita,TR
malik0103,None
Fisherle,TR
dryflyonly,US
perjan,AQ
gualtieriida,None
Terminator222,SE
MrPrez777,US
elliottw,US
mincho,CO
schwedischerKoch,DE
sg4rb0sss,GB
giulianocosta,BR
serarderb,None
Cordell021718,US
philippe640719,FR
Aliev_Ali_02,RU
TheBossCaev,None
joergg,DE
Dany-14-8,AR
tonstor,NL
fredh,BE
IamAbdalla,AE
justme73,RO
Blashi,DE
Gabon,GA
iranbig2112,VE
rauldemarras,ES
BuonaForchetta,IT
TThomas,CZ
Mori1z,None
aut_habib,AT
reenapoulose,IN
paaaaaatrick,US
andERSv,None
jek65,IT
Muacceliyet,TR
pulcisbaldo,IT
M_K_Ali,PK
SpamAcid,US
UsovAlex,UA
Baagil0,None
CyberKingMajor,LK
SacrificeForTheWin,GR
lulu72,DE
mweiathegreat,KI
renosito,MX
IiTheAruNiI,US
humberto827,None
alex0306,US
melkay11,US
julioindio,BR
Philippy,AU
michs130,VU
Yeezygus,FR
chesslegendmaster,AQ
deilblayne,RU
rizaluin2223,ID
froggo7,GB
chapaita,CL
lordofstark4,TR
WizardEye,RU
simoab,MA
larslur,NO
victormanuelr98,CO
k1ng52,AZ
Excors,DE
Otrazhenie,KZ
serij125,DE
Valy0504,UZ
francesco0012,IT
Steven1221,GT
Nikita667,IL
sparks97,PH
Bnov,PL
ZYRED,TR
French83,UA
NigniiTagil1975g,RU
matteoferdinando63,FR
QueenWithAnRPG,TV
chessguillo,GB
marcilioeng30,BR
ButYouDisagree,US
MrMcCJr,US
Edimarlon,BR
Arvelos,BR
Oeste,AR
IvanKratyuk,KZ
cashinmartincj,IN
Dionisius,BR
ReedPhillip,US
babdu,UA
MehdiJenabi44,IR
Kamalioglu,TR
ERipley,None
Sharklion,UG
Pseudomaestro,PE
DominicGallagher7,IE
DrImhotep,None
LorAigilos,NO
arturo333,PY
SporeAnemone,DE
Chupycabra,RU
HowardStaunton,GB
Kidin,RU
LaBoyaquita,CO
memeke,US
B_Sharp,US
naJC,DE
DrStrangeLove321,PK
Aussu,SE
erfanmazroei,IR
Hietala,FI
GrandDesaster,None
urania2016,ES
aydin33,IR
Dinotoad,US
flochy,FR
conalboyle,IE
buzzti84,AT
josalmo,CR
Trebuh998,PL
foratfaris,SA
Meghluck,IN
dimka_nevidimka2,RU
feljara93,CL
Ashiza,ZW
camifischer,None
rodierkidmann,AR
ahmetgokk,TR
Grandayo,PE
PorkiSaurio777,PE
VictorKopylkov,RU
XXXBullseye,US
GSantosJr,CA
applesoju,CA
cnay,IN
NOZR69,IR
KrudasB,CO
shadow303,IT
cauffybeen,AT
Synestr0,FR
Grimling,BY
ANURAGSRV164,IN
zakixor,DZ
Kenji1337,DE
geoelo,ES
MauriZulj,AR
aastajoy,IN
chessoverloaded,IN
cboss5,US
zoeydaniel,MY
CaptinS,EG
Carlosg_7,HN
Tibu199,PE
Milenko,CO
eightbyeight,US
lennthevator,US
pegasis,IN
chandandey,IN
homieee,US
dosco189,CA
humidair,RU
Formed,TR
Kadir10,TR
rocoli,CH
N-TH-N,BE
riscie,CH
naveedh,IN
ParetoFrontiersman,US
sanskaragrawal,IN
jeiecarlos,BR
hdnK,DE
Josuejunior10,BR
mechanic051iq,IR
victorliric,RU
Jansaleh,None
Stirlich90,KZ
luketheduke,DE
srikanth_nakka,IN
granmaestrogonzalini,CL
ertandem,TR
CaligulaAbsher,IS
jcs92,FR
MohMohMoh,CA
Champion58,TR
alexbs02,PT
itsRapperM,UZ
Shidoshi,CN
manquepierda,ES
mike123345456567,US
Hazerstraton,MX
Lucas_BdS,BR
litefast,None
fikr3t,TR
Winter_Den,DE
longwhitecloud,NZ
Arthurred22,VE
JeremiahT,None
Nour668,SY
ruslya007,RU
sasharudakov,RU
HANIF_PANGH,IR
Terlex,RU
yunusemreefee,TR
laminated_squirrel,IN
DrNyktersteln,RU
modemusic,None
CarlosVR16,MX
naqalsamoht,CY
ecasa14,US
TheAnthonator0119837,US
PatriVasco,BR
DrMBchess,GR
Igrok91,HT
skupskup,TR
rdrlh,US
ZacRicker,US
okantt86,CH
Rajadecalmbur,CO
LEGATVS179,EU
SUPERPACMAN,EC
BlunderingDude,MX
kgskgskgs1,IN
Abal9000,DO
Mr_Pota_Cabra,ES
Wolfegang,None
lublujenskuygrud,RU
AMN24,ZW
Odus13,NG
rodrigued12,BR
Teletabici,TR
WerlleyVieira,BR
andre_an,CA
Azhdar_Gafarli,AZ
chess431,BY
alex039,RU
Rec-Tim,TR
Kimukirano,RU
ss221,AU
veteranov,RU
ac_-_dc,_pirate
MagnusPlanelson,AU
Kerrisdad,US
Milton_Miranda,SV
automaioner,TR
B_e___t,FR
anaissac,VE
LuFranc,AT
Henrymarcelle,DO
HoudiniLinguine,PH
mspoojay,IN
PinHeadLarry2209,US
IamSherlock1,US
warhag,None
marecostyle,AR
thebay6,US
Marti0078,AR
XxMostroxX,None
Austin_UK,GB
ShatteredTime,CA
Girafalez,BR
ahmedbakeer,EG
newstart5200,US
anilkilic,TR
maiel,AR
friedkitteh,NO
Net_Storm,RU
Blobimusprime,SE
Lukabasov,UA
Cardioth,AU
fbtorres,BR
e2508dus,US
winstonbogarde,ES
Morphyum,DE
nauchiteigrat,RU
Danijan,PE
Chaman,AR
EduardoBLM,MX
Var_carl,PE
AlexandeRufus,HK
mattomatteo,IT
IPlayFromTheRestroom,US
wgs84,PE
G_I_Gurdjieff,BR
snowfall25,None
Andreoyugi,KE
majorsvm,UA
Tamylover,CH
Kaidanov,PL
jvm,US
jnmac,BR
TrEnesKral,TR
WithaPencil,AQ
Rick_Sanchez,None
Meghasyama,MX
Batubey-1881,TR
luisito104,MX
Sammy0305,None
BettyCooper,PE
urbanq,PL
kurohaze,CR
dr_rajaramesh,IN
WhiteMeteor,FR
ringtongue,JP
Efbayday,FR
LacKman,BR
vvchnik161,RU
infodanyboy21,FR
ilprofeta89,IT
naxoman,CL
saulomaglio,BR
balouiz,MA
UltraZver,RU
dormidito,EC
azadazadazad,IR
dayton2112,US
jhersonmiguel,PE
ProfPinkMilk,US
gromoverzhets,RU
schwartzesakura,GB
Serhij2019,UA
MPILO16,ZA
darkknight00,US
oaoJ,BR
khreza,IR
p3x,FR
iWonalready,US
Checkmate-27,US
KarenYavryan,AM
EURO8000,DE
Jayhem,None
felipe1990,BR
DrAbzhuriev,RU
JBricks,US
Devez36,US
masakalem78963,TR
JPapaioan,US
brodyjl,US
MBSCo,IR
Drilltime,US
LoMaSa,HR
bradycorrigan,US
BennyBunny,AT
emtaxes,KI
KarzarSmike,US
Wolfpack1051,US
AtiKing88,TR
KhRasouli,IR
blazejwa,US
MO_Alshaarawy,EG
GedeonFox,BR
spr1ngerzzz,None
Iginio,None
stamuser,JP
malkoidiotche,BG
SunManGod,US
Saveliy_Tachtocover,RU
vuja,None
Eisil,US
Shree21,IN
NathanaelD,ID
cooljared,US
zangy10,CA
kingwin,None
Bitsblitz,PH
sirstrife,US
DiegoCHESS69,BR
StarDriver,MX
arthur67,AU
symen000,NL
TARASSSS,UA
reidouglas,BR
BiigNose,AM
Angora,FR
olsen1qaz,NO
Dascher,DE
mikche,BG
alisinaeltafi,CA
julian0505,CO
SugKnight,US
vinnyOliver,BR
arnoldmex,MX
Ryuuzei,None
zurik13,RU
Pernales,ES
Abdullahkara33,TR
omidali1362,IR
eberoski,MX
sebastian7159,US
Tyrant-I,US
nazarre,US
Ozzy-d,None
arturopt25,VE
utkan66,TR
sameyepatch,None
atlan29,AR
AlvaroVadillo,PE
doghot3,BR
Gianini,BR
Wiktorl4z,PL
Frederic4321,FR
sakakis,None
youper,_pirate
telenachos,CA
stecanela,BR
Subudai-bagatur18,None
zonel39,MX
brain13,IN
Phenakismos,US
Brassmonkey30,IN
zRobo,US
Julius95,PE
vicenticio,AR
margathon,CA
el_cafetero1,MX
Toniprime,NG
adrinmore,UY
hkeremh,TR
alwayssummer,None
alejandrobarraza,MX
abhia,BE
lenny1,BO
nathanralph,US
nuclearscientist,NO
Jean-francois_L,FR
LanceInocente,BR
Kavash,DE
feltytown,US
alinejad9060,IR
AgelosLogotgetis,None
Orlah,US
sebastijanp,HR
lronhubbard,US
ChesseP1nkman,AQ
aykut09,TR
HsFuriusZz,PE
GlaucoBarbosa,BR
vitamin321,US
tommhy1,None
cosmososmos1,FR
Emiliocho,CL
ombozdemir,TR
cherepovets2020,RU
JamieOShea,IE
gonimauleon,None
capa49,FR
TheMrDee,None
SLJ,ZA
umer5,PK
nikolaikolesnikov,RU
eliosDarak,CL
jollybean,US
iSchneider,BR
G-M-V,MA
amir-my,IR
Goyzueta,MX
Parastesh,IR
TheJuniorProdigy,_pirate
srynoremember,RU
PavloH8,PL
SubtleSmirk,US
RandoJim,US
Callipolis,ES
koanarec,NZ
GabrielVRosa12,None
Angus77,CL
yigitberkozberk,None
amine2173,None
DeVsWeE,IN
Ur,RS
sahdragos,RO
jafo004,MX
Edgarsennin,MX
BeelzebubSeraph,None
Piyonistan,GB
adhiraj07,IN
robbantt,PA
emirkarasu11,GB
s0m,IN
ARECHESS,TR
Guerdon,_lichess
Adrian2303,MX
legna747,PA
DolmaLover,CA
hakams,CA
Joseffoki,TR
vinomartins,BR
eabrewer50,US
kadirbey1545,TR
I_Pender,NL
WPlayer,PL
SimNorm,CA
Selector777,UA
ST3V3N,SE
zackaya,AQ
ValentinMoshkin,RU
derluggl97,DE
HugoAguiar1,BR
MadChemist84,US
kovboyeren,TR
ipwnu,CA
RedScorpion,PT
backup_dancer,UA
UIUo,TR
giobertitony,FR
Dominant25,US
drew114,US
Darkdrirvana,BR
Drsherlock19,IN
Jeff_peon,PE
JuanLG97,MX
AliFakhoury,CA
alnegde18,EG
Earthgoddess,AU
Benjiii_g,US
Elvis_83,PE
Yash_Gupta,_pirate
EagleMoose,US
valmontegor,RU
gatu,IN
gabriel2772,BR
Charliparker,MX
LukaszKokosza,PL
Ottekoi,US
NurlanCelilov,AZ
misplays,US
Zyrakos,_pirate
thebardlife,None
hobbitrus,RU
bam92,RO
pal17,IT
jaedubs,US
Lawlessman,NG
fluffy8i,DE
NorthDL,NO
hpehuajo,AR
no_seigen,US
Andrekeinsten,GT
moseleybc,US
TheHono1985,ID
mnd90,KZ
Teichmuller-Hodge,BR
htiaraju,WF
leg412,HR
thaHaremKing,IN
fidjudisomada,CV
Flordelisa,DE
NbChessMaster,BR
PedroT6,BR
miguelrt99,MX
AnttiV,FI
david2308,RU
K1ngGOD,BR
Abderrahmen_Mettichi,TN
TC931,US
RugbyPawn,US
CLi,SA
WERTSM,RU
Dredd11,MX
Vonbo,CL
Javierolmedo,AR
javi_8_3_8_5,MX
GonzaFir,AR
Hresvelg,RU
SantiagoHolguin97,CO
gameame,IT
Shenkopp,None
FCaner,TR
bRoCkLaNdErS,TR
BlunderDownUnder,AU
tayyore,TR
tomasdelpico,AW
Alciai,CL
vocka,KZ
Heraldos,PE
ezerivera,AR
Antken88,US
AlexSlow,RU
NihatTM,PE
ahmad_raja,PK
Lampiste,FR
SergeySlobodenuk,UA
sizmekian,PT
eudesspessoa,IR
bigracket1,US
chotu123,None
B3nJ,GT
AloofAvocado,CL
Elconde33,PY
Airduck,DE
canariogamarra,UY
Yervero777,BO
Fevziyigit01,IT
NotAnAnalysisBoard,US
ricpo,AR
eldelescroto,ES
toluene70,NG
Tony206,IN
jrab227,US
Hal6789,CA
fahmidfoysal,BD
tutancabron,CO
yorgunmermi,TR
EVGEN75,RU
napolepon,None
JeanLoup14,FR
FHJ123,BE
C-3P0,RU
digimike1960,IT
rickbass,IT
ahmet4402,TR
sami168,DZ
ooolf,NO
Emircigim,TR
Harry0163,DE
laconic,None
Ashutoshchenn,None
estous,GR
Burakmet,CA
GrafOlaf,DE
suatuzunoglu,TR
luftari,AL
jarmniku,FI
dtodek,RU
theprobobxd,US
boninn,CA
emiliosoprano,FR
jianshi,US
Polymatheca,US
MrMohmmed,YE
ronaldojantleon,US
sofianechec,FR
Je2us,DE
ttant,US
Kosstyanych,None
DanKaise,CA
Margui,CO
LORDMAHDI,SZ
ramazan15,None
Olivier74,FR
Viggi_777,IN
Hyouka7,DE
youngdaggerDIK,IN
Etherealki,TR
mikitriki00,ES
ssoroka,CA
playfairnow,AZ
digitalgravity,US
MileStretch,US
perere00,BR
turnado,RU
egonsterr,TR
ethanator95,ZA
Ry_g0,MX
KHVOROV,RU
PHI-LOMENE,FR
Groovy,PL
silicon4oxide,HK
Kundankcp,IN
lehkost,US
abraao,BR
Vladmes,UA
MichaelField,US
Adt192,US
zigetti,None
Bluetub,GB
DDDelta,CA
Androoha,_belarus-wrw
Arina_Vaneeva,RU
XqMt,BR
Isabel_Montelongo,MX
HolyMoof,AM
hmdofficial,TR
feldberg32,DE
pinky_shepherd,HR
Esrarengizzz,TR
yacine-zm,DZ
Fluke_Artist,AU
AnimeWaifu,JP
Limatrixxx,RU
Bolkonskii5,RU
Lenin_Ortiz,EC
DrZorlEinstein0011,TR
Soveposen,NO
AildoJunior,BR
JuiceShack,CA
kazerelvis,SE
saikoshihan,CA
yefe1,TR
Quachy,GB
deepuchandran,IN
igortrevizan,BR
sergeorleans,FR
khairoulline,TR
Valera50,RU
GuiltySauce,DE
Frushnkv,_pirate
twm34,US
ailtonchess,BR
LukeFilewalker,DE
Shurazinho11,BR
chesserzilla,TR
Ayman104,EG
cepheides,FR
dreadhed,GB
Shulzy,FR
Emilia-san,SG
misterjavier,GB
Alborg95,IT
jpfdc6466,US
johnreese12,TR
thebossarturo,MX
DAC6,MX
JonasBorges,BR
JohnasJoojeiro,BR
frankcabrera,DO
NatanVilchis,MX
Yusuf_19,TR
Guishe,AR
z_dav_man,AM
robobek,RU
DrLegolas,SV
sofiane10,DZ
gjerstadmorten,NO
SefacanGokmen,TR
Nerva21,ES
Farfetched,TR
vjaymore,IN
shuvashish76,IN
Everybodychessnow,CA
fr1keler,SK
Sakaryale54,TR
EmnS,TR
MINurie,PK
spaitz,IT
Nozam,None
penova,TR
xBarton,AU
Nasser_500,YE
naitsirC86,PE
KDis,KG
Kuroi_okami,None
bigbadburitto,None
NizardKing,US
cccassinello,ES
codeconcode,KR
agit47turgut,GB
ardaus,TR
yerson11,PE
kawauchi,AR
OnXanax,None
monjb,NO
Cigdems,TR
MrSam0,SA
jakos,KZ
mcalmac,DE
Koja14,BA
mrStealUrBish1,US
Gerlopvi,ES
Dr_Karol,AU
mustafa0707,None
erciboom,DE
wilmerproman,SE
Monklock,US
Count_Chocula,JP
SirusTheVirus,ZA
XXPROCEDXX,VE
elcobranegro,ES
mohamadrezanaeimi,IR
Schiavi,CO
WILLIANFERNANDO018,BR
Hugoprz,MX
asfukr,BE
DejanHSV1896,DE
liquidness,IN
Erlendval95,NO
solace1996,GB-ENG
schachkof,DE
Eton526,AU
Chessbtw,IL
Sadiq_g,OM
Admos,US
Mihsan_05,TR
TitouML,GF
br2504,BR
